,TargetItem,RecommendedItem1,RecommendedItem2
0,1302903,994224,444591
1,1891071,1891344,1893003
2,337029,471093,460656
3,1780821,1780863,1780989
4,453894,484176,453789
5,460110,460131,1781829
6,747810,444003,440076
7,754173,754152,1789305
8,1774437,471450,457485
9,1773702,1768746,1789305
10,1667526,1780632,480522
11,1891743,460845,1891470
12,744303,1893738,478842
13,1786764,441378,464667
14,495894,495831,496524
15,470715,455490,467712
16,1777209,437241,1783467
17,1775529,442848,437283
18,1893339,1893780,1891260
19,447447,928956,448539
20,446838,479388,470967
21,1778238,1786407,1782018
22,495936,495663,494046
23,479283,470904,475104
24,447951,456582,437787
25,1781766,1779708,994707
26,1519749,433062,1787226
27,492282,494949,492240
28,456981,481194,1778868
29,457485,477645,477708
30,1780905,472395,1780926
31,436716,456582,1786869
32,1776936,1892709,1894179
33,1891323,1893255,1891344
34,1890042,1894389,1891701
35,456456,455532,1779960
36,1781640,1734579,360465
37,994203,994224,1779645
38,1893024,1893528,465465
39,446880,470967,928956
40,496272,1893822,982296
41,1516725,1514730,1527561
42,492723,492744,490371
43,442995,450555,442806
44,1785588,1785630,1785567
45,492009,492030,491988
46,1891953,340998,1782354
47,1780779,1780863,1780800
48,1893528,496524,1894179
49,994224,994203,1302903
50,1786155,460110,449547
51,1514940,450681,467964
52,754110,465108,1789326
53,1775508,1768326,471219
54,1304016,443310,443352
55,495873,496314,982296
56,2520,1786827,2730
57,441840,441798,449253
58,1894011,1891323,1893255
59,1772148,1785651,786807
60,465444,456183,465423
61,1785168,1782522,465528
62,968646,437283,437346
63,448308,473109,457485
64,1779624,458115,480984
65,1891785,1892394,1890798
66,1775067,458850,460173
67,438774,1891071,1894011
68,492240,494949,492282
69,1774962,994749,445746
70,472710,472731,472752
71,1782354,340977,477540
72,1526889,1514730,1787478
73,1492050,1785714,1516872
74,470190,470253,447006
75,1514814,1514793,1514730
76,437997,437976,437934
77,496356,495831,496020
78,754362,1789326,1773639
79,447804,1779960,1577751
80,1578612,443457,1776096
81,495138,495180,495096
82,1575231,1720992,443457
83,752178,752199,752115
84,494760,493458,494802
85,1660491,437871,478569
86,448056,434721,434700
87,458661,493920,493836
88,1772862,928935,994203
89,434658,434637,457485
90,787311,468741,464793
91,1780863,1780989,1780779
92,2730,1786827,2520
93,1783362,484260,341208
94,484806,484827,486024
95,437178,468594,1892184
96,1890588,1770426,754215
97,1893486,470820,1890462
98,1785945,481089,755370
99,341208,463722,1783362
100,1779960,447804,1788045
101,457317,1892184,468531
102,786807,1772148,456918
103,1893066,458871,1893549
104,1779666,445746,1789368
105,448938,448959,448917
106,1768851,450618,1768788
107,445746,1779666,433986
108,1778406,446649,1777209
109,448224,464226,458073
110,448497,1892184,434364
111,359856,449211,1779183
112,1890483,1891701,1890672
113,436023,436086,436002
114,448770,493458,494592
115,1892688,432915,460845
116,455532,455490,437808
117,1890525,445746,1893570
118,1638693,1659630,1785294
119,489384,489405,489363
120,492828,492555,492681
121,315630,455931,1662129
122,483756,483777,488292
123,483819,490308,483756
124,435897,435918,436065
125,483399,483378,483357
126,1619121,459270,1780023
127,1781283,443310,1783236
128,1780758,994224,1779771
129,1892079,450009,1891974
130,443457,1578612,1575231
131,1778868,478170,491610
132,1662423,1662444,437283
133,754320,1789200,1768578
134,994371,336168,472101
135,1779645,994203,1773639
136,449673,474978,1779960
137,494802,493458,494781
138,339402,1892058,487032
139,1785546,1785504,357294
140,457947,441378,457989
141,1893108,1890546,1890672
142,840966,453159,359289
143,494424,494361,494235
144,1781220,1781199,1781157
145,437241,1777209,444759
146,1781367,1781346,457485
147,479430,1892982,465297
148,1892562,1890798,1894158
149,482727,487893,463008
150,1891407,1893297,1891533
151,492786,492828,492681
152,1776600,446817,1778847
153,450681,1773639,1788906
154,1789200,1768578,754320
155,434805,434784,1578738
156,1890252,755013,465423
157,452487,1780779,1891302
158,442134,442176,482328
159,341439,336945,440664
160,1891974,1892058,1892079
161,436695,1786386,491589
162,1777818,1776432,456582
163,458094,743400,478989
164,1785630,1785588,1785567
165,492765,492681,493164
166,462798,462840,462987
167,1514793,474327,473886
168,1787226,434679,1786995
169,1892478,1783383,1786827
170,492912,492891,492492
171,336966,1773786,1789536
172,754089,1777272,467187
173,1784685,445095,447699
174,449841,449862,465528
175,1892184,465843,441042
176,1891722,1891701,1890294
177,1892583,1893360,1780779
178,1782375,1782396,1894179
179,480627,480459,480648
180,440580,1786806,434007
181,2310,316218,1787751
182,466494,434616,1788549
183,928956,1662423,486906
184,360465,440307,437997
185,433944,438942,433986
186,441672,441546,445662
187,1893633,437934,1892415
188,1780569,1788066,1782501
189,1894074,1891344,1894284
190,359709,1787751,1776558
191,485919,485898,485772
192,1893192,1891722,1893738
193,480417,480396,480375
194,485436,485457,485415
195,496314,495873,496083
196,455490,455532,1782501
197,490119,490098,490035
198,1783425,740565,444465
199,1893906,1894242,1894284
200,492618,492639,493185
201,496440,496524,474201
202,472206,442365,476721
203,496377,496020,496083
204,1788528,441546,445620
205,359289,437283,968646
206,1892436,1892394,1894137
207,1782165,433818,444318
208,1789536,442260,336966
209,1662297,744891,748398
210,1789137,1773492,1788927
211,1779708,1775949,1769271
212,360444,1577751,444381
213,437430,447972,1778238
214,444990,443058,438438
215,453180,453159,1783320
216,496209,495747,494739
217,1783110,1783047,434847
218,471618,471639,460131
219,1776096,1578612,783867
220,1891869,461853,461790
221,437871,1660491,479388
222,1894431,1893549,1894074
223,1771392,1787709,457464
224,1666077,1780086,1302903
225,928914,928935,434007
226,465297,479430,468174
227,359247,441714,437388
228,438921,434700,1780716
229,337134,454356,336945
230,494172,494403,494130
231,1890819,475461,454293
232,1667463,1528380,455532
233,448875,448917,448896
234,1782018,1788045,441903
235,1894284,1894074,1890063
236,488313,489279,489027
237,747579,747558,446481
238,1776537,1302903,436485
239,1890672,1890483,447804
240,486780,486738,486759
241,1514772,1514730,1514751
242,1781136,485814,446817
243,440160,1011969,435414
244,489615,489657,489636
245,1786869,460194,475041
246,1784454,485751,463638
247,436338,444381,481446
248,1891365,1894116,1891344
249,434637,434658,1772148
250,1893402,1891722,1891701
251,434301,434364,434322
252,1777398,1773639,450534
253,443751,480753,340347
254,994161,994224,994203
255,1783236,1783257,1781283
256,212604,489384,1784685
257,433902,1769271,434679
258,443688,449778,1787751
259,478443,1781283,478422
260,1770426,1890588,465843
261,1890231,1890273,1892814
262,1788381,1788780,1782270
263,455406,471975,452844
264,1894032,1893003,1893045
265,483483,483504,486549
266,1720950,1721013,447447
267,442869,437283,1659630
268,433797,433734,436128
269,1778889,481173,455532
270,446817,478002,478023
271,1890504,1893717,1893990
272,483504,483483,486549
273,1893780,1893339,1891365
274,1779750,751989,359289
275,463197,463239,463155
276,1782501,455490,1779960
277,1891302,1892415,1894410
278,1788507,448581,479493
279,449232,1782018,449253
280,436380,443058,478485
281,357273,447678,359289
282,1788024,1788045,1787961
283,752199,752178,744891
284,480480,480459,480648
285,447993,840063,452067
286,438438,441378,444990
287,340242,483063,1789137
288,1780989,1780863,1780758
289,1788045,1788024,1782018
290,995820,456393,1787583
291,1781682,1781787,481173
292,480228,480354,480249
293,443772,447153,443751
294,435351,340347,1723995
295,1781346,1781367,443352
296,999306,450639,450282
297,494697,494676,494718
298,439551,439572,439614
299,1514667,1514688,1514730
300,448665,448791,448749
301,1892016,1786827,2520
302,445116,444969,445032
303,748398,358911,1516872
304,455238,455175,445620
305,475755,475776,1781199
306,451248,440286,479493
307,1893297,1890399,1890273
308,1777272,754089,446775
309,463113,454146,463764
310,1578738,443331,458871
311,439614,1770426,439551
312,457884,458010,465213
313,1783404,459312,444444
314,439761,437745,1780569
315,454377,435897,459774
316,478149,784203,479577
317,436485,450681,482307
318,1788066,1780569,1788045
319,491694,491547,491379
320,1890567,1785819,1783971
321,1501416,1501395,754383
322,471639,471618,1892982
323,495747,496272,1892730
324,1891701,1891722,1890483
325,483462,484722,486549
326,446565,446544,446523
327,1891512,1893528,493017
328,437934,437976,465864
329,494865,494844,494886
330,1785483,1785504,1785525
331,479493,478065,438438
332,1785651,1772148,1785168
333,448644,448581,448623
334,491841,491862,491820
335,485625,485604,485520
336,1891134,1893948,1894242
337,467607,467586,468006
338,475776,475755,1781283
339,464163,464142,840336
340,357294,357252,1071420
341,495831,496020,495894
342,436254,436317,436002
343,496524,496440,982296
344,748629,495894,441063
345,437787,437808,447846
346,469350,469329,468321
347,455616,453789,455469
348,489804,489825,490539
349,1529052,998823,496377
350,1783341,441714,492786
351,434007,754236,1780716
352,434616,471387,466494
353,755412,449085,468195
354,483840,483882,483861
355,447174,1659630,1787961
356,1773009,437241,464184
357,458136,1785714,485751
358,994308,994161,994203
359,999138,461790,487788
360,1893549,1893066,1894431
361,434070,316218,433944
362,483441,488292,488271
363,447426,447531,463911
364,1891260,1893339,1894326
365,483315,483441,483483
366,478548,477960,448623
367,1890105,1892982,1891806
368,1720992,1721013,1575231
369,491610,491547,491505
370,1771518,784770,1577751
371,449778,443688,449757
372,480669,480459,480543
373,1891491,1779708,1783152
374,483546,483672,483735
375,1659546,483063,1785630
376,1501710,966000,460467
377,496146,496020,492135
378,480438,480312,480417
379,478926,471744,471765
380,449967,449925,463449
381,493836,493920,493731
382,493122,493101,492702
383,1892058,1891974,340977
384,341334,461853,463575
385,481656,481551,481677
386,450618,450597,1773597
387,433923,1890882,441042
388,437577,437640,437598
389,464226,464121,448224
390,497511,743400,492849
391,211680,744891,1720992
392,484197,484176,484155
393,448791,448665,448749
394,489363,489405,489384
395,786324,1773492,787122
396,998970,786429,998739
397,1890210,1890399,1893654
398,434721,434700,340347
399,470568,470526,470547
400,492639,491484,492618
401,432957,433734,432978
402,468069,468048,468153
403,494277,494214,494361
404,447069,447111,447132
405,492807,494361,494214
406,496083,496314,496377
407,968898,995841,482034
408,357231,437346,1779750
409,493101,484260,493122
410,493059,493479,494235
411,486171,465885,1780905
412,1893759,1893255,1892793
413,473403,473424,473319
414,468405,468384,448896
415,1514751,1514730,1514688
416,454272,454293,1892625
417,474978,471324,455490
418,471324,380058,466158
419,1769229,479115,482643
420,454524,454398,454440
421,468531,468552,468594
422,472395,472416,1780905
423,493920,493836,493773
424,1775718,1775739,840063
425,450933,454104,454041
426,480333,480375,480417
427,439593,439551,1788612
428,497595,497574,497637
429,448896,448938,448875
430,787269,747747,1638693
431,447699,447678,1788045
432,1776789,456456,1780884
433,1768326,473823,472353
434,492702,492555,493122
435,448917,448959,448938
436,462651,462672,479199
437,784203,478149,471471
438,496881,496860,493479
439,437199,1765806,1783551
440,1891197,1894410,748566
441,467145,467124,754215
442,472122,472080,435792
443,446250,458388,456687
444,475503,475419,752493
445,492051,492072,492093
446,481152,481194,481173
447,444948,444927,445158
448,1514730,1514688,1526889
449,437346,437283,968646
450,491988,492030,492009
451,464142,464121,464205
452,1788423,1770573,1787625
453,1894116,1894095,1893738
454,1893003,1891365,1894032
455,484491,484512,484344
456,435876,435918,435960
457,485226,485247,486024
458,454671,1782501,455532
459,494340,494088,494382
460,463932,464016,463974
461,1071168,444990,453411
462,476742,476700,472731
463,1783299,438837,1786806
464,441042,1892415,468762
465,486801,486738,486864
466,439572,439551,439614
467,465864,437934,458787
468,1773681,482097,1768578
469,470169,470253,470211
470,472416,472500,472395
471,479388,479367,437871
472,1513071,1787478,438207
473,489405,489363,489384
474,1781241,1781220,1781283
475,1787961,1788024,447678
476,1764252,466431,466410
477,493332,493269,493311
478,480102,1786344,466158
479,785673,1734222,1302903
480,444045,336315,1780821
481,446670,1784328,1786995
482,1577751,447804,360444
483,475440,475398,475419
484,494508,494487,476931
485,495180,495096,495138
486,438942,433944,438963
487,1894095,1894116,1893738
488,447636,447720,1779771
489,1894410,1891302,457233
490,477981,478737,478002
491,466074,740061,466032
492,1783257,1783236,454251
493,497637,497595,495180
494,1780884,1780926,1780800
495,451206,380058,1786344
496,496860,496881,494865
497,1891218,493206,340536
498,483378,483357,483399
499,1778427,478002,478023
500,467817,467796,467838
501,1770573,1775823,445095
502,438837,1786806,748713
503,491862,491820,491841
504,1789305,482307,462441
505,1778826,1788339,1772715
506,450597,450618,467061
507,747747,1785168,436863
508,755307,469140,755244
509,441378,457947,448329
510,455595,455448,455574
511,462840,482706,339381
512,1774647,1774668,457464
513,453873,453789,437766
514,456561,478485,479514
515,495159,495138,495180
516,480606,480585,480543
517,436149,436128,436212
518,447006,446985,446964
519,1893885,1892961,1894179
520,478422,1780086,478443
521,458115,1779834,458199
522,493395,493458,494592
523,925869,1779183,440832
524,446502,446544,446481
525,454944,454797,454902
526,481509,475314,451563
527,442344,495663,442365
528,493752,493731,493857
529,489867,489888,486549
530,454314,440664,212793
531,1894305,1894242,1890063
532,446775,1786407,1777272
533,466326,464184,1894242
534,1893423,1891134,1893465
535,1893738,1894116,1891722
536,1516872,1492050,358911
537,448812,448854,1734936
538,494676,494634,494718
539,437766,453873,459858
540,996891,1785840,467838
541,445242,445326,471135
542,1782312,472542,455700
543,1789494,436128,468132
544,1784769,442722,1011969
545,497574,497595,497637
546,1787163,468657,434679
547,456057,1789326,482097
548,1778154,471051,471093
549,436191,436128,436107
550,1893045,1894032,1893003
551,481614,481593,482307
552,475587,443331,1788864
553,783993,787122,740061
554,458871,458766,458787
555,1773492,1789137,1768578
556,1892982,479430,755181
557,995862,995841,1665741
558,1892730,1783383,495747
559,488628,488523,474012
560,491925,491547,491379
561,454167,454230,1303974
562,433881,1780716,1890798
563,483798,483777,488250
564,748566,748608,748671
565,494193,494256,494319
566,443226,443247,443268
567,483525,483735,483672
568,755097,1892415,457821
569,441525,441546,441672
570,470589,470526,470568
571,1890798,1893948,1891491
572,483987,483945,483903
573,436233,436065,436191
574,467880,467859,458829
575,464184,466326,1890063
576,1774668,1774647,472143
577,468447,468426,1529157
578,449295,449274,449379
579,1789158,467187,450534
580,1890777,459543,459480
581,1779183,994203,928956
582,987441,437283,751989
583,754194,754131,465843
584,485184,471009,483252
585,1662444,1662423,987441
586,1890651,1890630,1892961
587,438858,1778133,446166
588,455574,1783887,455595
589,495558,494760,494970
590,494109,493983,494088
591,1890882,454272,1782270
592,480522,480459,480669
593,1783509,1783446,470442
594,1894158,1892520,1890840
595,1788612,1788675,439593
596,1893948,1891134,1890798
597,492156,490833,490413
598,476427,476469,476448
599,460866,460803,445746
600,1785378,438438,479493
601,444381,1734579,436338
602,478065,479493,441378
603,483210,483147,483168
604,485877,485856,491274
605,982275,982296,359709
606,441063,434700,1775928
607,456225,456183,456204
608,480081,480060,480018
609,1789431,1779183,1768746
610,463386,445851,463344
611,1890630,1890651,1893360
612,473466,473424,473151
613,1773597,450618,1788906
614,494634,494676,494718
615,444003,747810,446901
616,453327,453411,464730
617,455364,447951,455343
618,484890,485289,1783887
619,463491,463470,475503
620,489951,489930,489993
621,440286,451248,479577
622,467334,467355,450219
623,1783215,1781283,443289
624,446523,446565,446544
625,473340,473424,473319
626,496020,982296,496146
627,1665342,995862,1665741
628,450282,450261,450576
629,446985,446964,447006
630,445137,445158,455847
631,1501395,1501416,455658
632,337008,337134,754383
633,752115,752178,444339
634,755391,449085,1786281
635,485394,485415,485457
636,441588,441546,441672
637,1892604,1893318,1890462
638,447132,447111,447069
639,336168,994371,997563
640,456120,456225,471324
641,1892268,1894305,1893822
642,483945,483987,483924
643,489825,489804,489888
644,476763,476721,496020
645,1787247,455616,447846
646,481572,481551,481677
647,472080,472122,481446
648,475482,475419,474684
649,491505,491484,491526
650,786996,454125,1782312
651,450828,450765,450807
652,480585,480543,480606
653,1890756,1890021,1890294
654,442071,434679,471387
655,444927,445032,444948
656,493164,492849,485100
657,840021,315714,1894389
658,442407,442449,480375
659,483357,483378,483399
660,1890000,1891344,1894221
661,436758,784770,458346
662,1788717,1788738,475671
663,456435,478107,478128
664,1891827,1891491,448476
665,495663,1893654,496272
666,443709,999453,464121
667,455322,1528380,447846
668,1893864,1891323,1891344
669,474915,461601,461622
670,465906,465927,474159
671,1786995,1779708,1777839
672,1894389,1890042,1891302
673,1782522,1785168,459816
674,1011969,442722,435414
675,458052,458073,465423
676,463092,339381,487830
677,452844,452823,455406
678,786828,463386,752115
679,493962,493941,494382
680,457401,457464,465528
681,487578,487641,487557
682,447678,447699,437346
683,448728,448707,448812
684,1771560,450723,1528380
685,1787184,456456,456330
686,468657,1787163,1765806
687,470274,470295,470253
688,1893801,458766,1783152
689,468720,435729,434742
690,1528779,1528800,453936
691,453915,453999,453936
692,1891533,1891407,1891071
693,1777881,441672,472773
694,1893465,471366,1891491
695,492744,492723,494718
696,483336,483273,483252
697,1787625,1788423,475398
698,494550,494529,462945
699,1890021,1890756,1890504
700,448329,441378,448371
701,465801,378147,473634
702,478338,460236,478632
703,445158,445179,466662
704,458262,458010,474537
705,1893822,496272,982296
706,444297,441735,445578
707,1893570,1893528,1893717
708,1891155,496566,496020
709,475860,451983,1011633
710,1514688,1514730,1514667
711,436170,436107,436191
712,455196,455175,455217
713,1785336,968646,751989
714,1494003,1780716,1786827
715,484134,484092,484113
716,340998,340977,340956
717,444507,358764,495831
718,1776495,444759,316218
719,358890,436233,436338
720,1787478,437472,1514730
721,455553,478611,1783845
722,468741,468762,1786953
723,1788360,1778343,1785588
724,1890546,1890294,1893087
725,472584,475188,472563
726,487683,487641,487725
727,437808,437787,455532
728,1893444,1890399,1890378
729,451920,451878,451899
730,484449,484470,484722
731,1893360,1891365,1891344
732,486297,489678,481992
733,494319,494403,494151
734,1783551,468657,1765806
735,466830,466851,466893
736,1788759,495747,496209
737,1734936,448812,454482
738,480270,480249,480375
739,488712,488754,485730
740,458829,458766,467880
741,459858,754215,754131
742,466620,466515,466641
743,449400,449421,449442
744,441630,1765806,1782270
745,481845,474033,481089
746,336294,336336,336315
747,469119,469098,458304
748,464856,464772,1765050
749,483966,483903,483945
750,486360,486402,486381
751,1777965,452130,1777923
752,457569,457548,457527
753,437283,1659630,968646
754,1768179,212520,340977
755,1776558,1787751,982296
756,465402,457821,466536
757,467082,467103,482328
758,472773,1777881,1764672
759,474411,474432,474369
760,1662129,447426,786702
761,440958,446859,2520
762,486927,486906,1721013
763,478170,1732164,1780632
764,1779771,1780758,481446
765,446901,1890672,444003
766,486129,486150,489258
767,449757,449820,449778
768,454335,457674,454356
769,446964,446985,447006
770,463260,463302,786366
771,474369,474411,474453
772,450786,450849,450870
773,469539,469644,469602
774,994749,436128,445746
775,473004,472899,472878
776,1529157,463365,441315
777,1785567,1785630,1785588
778,439656,468594,483924
779,453159,453180,453117
780,471513,471492,471387
781,469014,468972,442239
782,1893654,495663,436275
783,488880,488901,488922
784,480291,480249,480396
785,469413,754320,1789326
786,486234,486276,486339
787,1660323,1783467,444402
788,1784664,483504,483462
789,453957,454020,453978
790,453978,453957,453999
791,493227,491547,491484
792,466263,466179,460866
793,474075,465318,485751
794,441567,441546,441630
795,1890840,1894158,1892520
796,754383,1721013,752178
797,487494,487515,485163
798,487620,487641,487452
799,478842,744303,468594
800,997878,1660071,1662423
801,492576,492555,492597
802,460803,460866,453180
803,1777125,1788549,1788570
804,1771476,454272,1779708
805,1892793,1893759,1890462
806,787122,449358,449379
807,469224,469245,469203
808,480249,480396,480291
809,449925,449967,461769
810,445095,441042,465843
811,456141,458346,456246
812,490014,489951,489930
813,456918,786807,441252
814,1892520,1894158,1890840
815,457674,457653,1783824
816,754131,754194,1786953
817,1660407,210042,380058
818,1785504,1785483,1785525
819,464499,464478,464541
820,1787667,465486,469518
821,443016,442848,442890
822,456750,456036,456687
823,463470,463491,458724
824,459270,1734579,459354
825,492324,1783866,1783845
826,1781178,997584,1783446
827,486003,478779,1780905
828,1779225,444759,435267
829,448749,448665,448791
830,436128,994749,436212
831,1788633,1788654,478947
832,1775823,1770573,436821
833,1780926,1780884,1780905
834,1789326,462441,465108
835,470211,470253,470169
836,488985,489006,489048
837,485835,485814,485793
838,437472,1787478,1788780
839,482664,462630,462567
840,447972,1786407,1770426
841,447153,443772,484554
842,462819,339549,463071
843,470988,471009,470967
844,454398,454587,454482
845,482454,482412,482517
846,1786848,441546,999285
847,459816,471009,459774
848,468825,468657,468720
849,479472,479409,465780
850,1780086,478422,1788864
851,456162,340998,456225
852,473361,473424,473340
853,1890378,1890399,1893843
854,462903,479178,462924
855,466284,1784328,466221
856,479598,479682,479640
857,1777251,480543,480585
858,925932,460005,785673
859,473256,473151,473235
860,477582,477603,477624
861,1893990,1890504,1893528
862,1783824,457674,471681
863,467901,467061,754341
864,489636,489615,489657
865,1779834,458115,446481
866,1789263,1789242,1789284
867,1773786,336966,1789536
868,449421,449400,449442
869,480123,479451,437871
870,465234,465213,465255
871,341418,1893654,340998
872,457989,458031,458010
873,474558,474537,474579
874,755244,755013,755307
875,436863,436821,447720
876,472815,472794,472836
877,438753,438774,747810
878,1775928,1787751,1776558
879,755265,784182,787122
880,477540,477561,1782354
881,1890693,435393,1891491
882,455217,455259,455196
883,1893087,1891323,1890546
884,458787,458871,465864
885,491820,491862,491841
886,1768746,1773702,1789305
887,450996,476385,476196
888,1787604,456498,1778889
889,490098,490119,490035
890,493017,492975,496881
891,476238,476301,476280
892,994707,1494003,1892016
893,476385,476301,476364
894,447111,447132,447069
895,496566,1783383,1891155
896,448959,448938,448917
897,1721013,486927,336945
898,1784496,1785315,489615
899,1771161,446544,446502
900,484533,484491,484512
901,1891344,1891323,1891365
902,459186,459144,459165
903,462987,476889,482706
904,464037,464016,464079
905,464583,1640604,468279
906,486150,486129,486171
907,442890,442764,443016
908,447027,1787331,1785714
909,466410,466368,466431
910,471303,477960,436485
911,480501,480459,480522
912,478254,478275,478212
913,466431,466410,466368
914,463974,464058,464079
915,467292,995862,443394
916,479346,483420,479367
917,1785315,1785357,1785672
918,1785126,754152,1789326
919,484344,484176,484491
920,1788948,1788927,1773492
921,469896,469854,469791
922,459522,459459,459564
923,434784,434805,434616
924,467586,467607,467628
925,479304,453894,479451
926,463449,449946,449904
927,457842,457863,457821
928,463050,339381,482706
929,479913,479892,479745
930,987273,449337,450681
931,484008,484743,484722
932,463407,445851,786450
933,466872,466851,466830
934,485856,486192,486087
935,1010436,434385,1010331
936,494403,494319,494151
937,484659,485268,484764
938,212520,340977,473802
939,357063,315714,440454
940,735021,448329,448371
941,315714,357063,315756
942,456603,1775214,479577
943,454587,454398,436233
944,484218,458010,755013
945,454503,454608,1890462
946,480648,480480,480459
947,754152,754173,1773639
948,1892814,1786827,435393
949,1772715,1786407,786429
950,786975,466263,442764
951,484071,484050,484092
952,491967,491337,491253
953,471282,471303,465885
954,471366,982296,1893465
955,492660,492492,493206
956,449820,449757,449778
957,443247,443226,443268
958,477624,477603,477582
959,454440,340725,1893234
960,336315,336294,336336
961,1768788,1768851,450618
962,1893234,1519749,1893738
963,484155,484197,484176
964,1722231,454188,467922
965,1662360,471975,995862
966,471450,471429,471471
967,479577,471471,440286
968,446859,440958,1785357
969,435708,437808,315630
970,455175,445620,455196
971,477372,477393,477351
972,469098,474138,469119
973,1890336,1890294,1893003
974,336945,337134,341439
975,455847,455931,455826
976,469161,469182,1787751
977,479115,479157,479094
978,1781703,481194,1786113
979,494130,494235,494151
980,462882,479178,1769187
981,472857,472794,472815
982,478968,480060,467481
983,467397,467229,467544
984,464016,464037,464058
985,1783026,457401,448644
986,485982,485772,486066
987,478611,1783887,1783866
988,1892625,454272,1788570
989,466893,466851,466830
990,436674,467124,480753
991,315819,435393,315756
992,469182,999285,1734873
993,443625,443583,443646
994,448539,447447,928956
995,456498,479577,1787604
996,473172,473193,473235
997,462693,451626,462588
998,462966,476868,462945
999,477351,477393,477372
1000,449253,441798,441840
1001,996849,1514940,475419
1002,448560,1772148,1785126
1003,490917,490980,490959
1004,460173,473550,460152
1005,494655,494634,494676
1006,468972,469014,468993
1007,1659630,437283,1787772
1008,441252,478632,1891239
1009,1764693,1782018,1788045
1010,446166,2730,475188
1011,491589,491904,491568
1012,1723995,340347,434847
1013,453096,453117,453138
1014,1773765,1780758,1768578
1015,449442,449463,449421
1016,479220,479241,231021
1017,478947,1788633,1788654
1018,470610,470295,477918
1019,485961,485940,489342
1020,485373,494739,493374
1021,448392,441294,474012
1022,1662024,435393,1783383
1023,479367,479388,479283
1024,473319,473424,473340
1025,481488,481467,481425
1026,492555,492576,492597
1027,472899,472878,473004
1028,1890462,1890273,1893843
1029,441021,441000,1890273
1030,484848,484827,486045
1031,474579,458010,474558
1032,1782417,1782396,1782375
1033,1893675,1893003,1893318
1034,1528380,455322,456456
1035,495096,495075,495180
1036,1783320,453180,1776264
1037,1786638,465381,442890
1038,450849,450807,450786
1039,446712,465633,1785168
1040,436842,455574,454734
1041,486738,486780,486759
1042,442260,442323,442239
1043,443583,443604,443562
1044,486864,486801,486822
1045,449274,449295,449421
1046,487788,487767,487473
1047,484470,484449,484848
1048,487641,487725,487620
1049,437640,437619,437598
1050,480543,480459,480669
1051,467061,1773639,1788906
1052,470295,470610,442365
1053,433062,1519749,432957
1054,471345,340935,471513
1055,466557,465885,472500
1056,468006,468027,467628
1057,494067,494004,493983
1058,212835,438186,438207
1059,481530,481677,481551
1060,494046,494235,494214
1061,1779561,1773702,467061
1062,437745,1788045,439761
1063,486381,486402,486360
1064,1499526,995841,460467
1065,1786407,1772715,446775
1066,455973,455994,1780569
1067,1786008,1771287,463806
1068,445032,444927,445011
1069,467166,1779561,466788
1070,495537,494970,743400
1071,489090,489069,489132
1072,435393,1662024,982296
1073,483567,483735,483546
1074,479010,478989,479052
1075,479661,479703,479640
1076,494151,494130,494235
1077,470253,470169,470211
1078,1529178,1529157,457989
1079,494844,494886,494865
1080,482895,482937,483042
1081,840063,1788927,1577751
1082,493437,494592,493458
1083,492870,492492,492576
1084,470316,470463,470442
1085,735084,471828,1787394
1086,465843,1787751,441042
1087,478359,478380,471828
1088,488754,488733,488712
1089,1789242,1789263,467250
1090,472878,472899,473004
1091,445368,445389,445074
1092,481362,481383,481404
1093,437598,437619,437640
1094,491568,491589,491421
1095,1764651,465654,440223
1096,459459,459564,459522
1097,435960,435918,435876
1098,467187,467229,467208
1099,459375,459417,459312
1100,492345,490728,491169
1101,471408,471387,478485
1102,1890399,1890378,1893297
1103,1660071,452130,437283
1104,442386,459291,784770
1105,441546,441672,441588
1106,484827,484806,484848
1107,1776201,1776180,472143
1108,480564,480543,480627
1109,475335,475314,475356
1110,436821,436863,447678
1111,471765,471744,478464
1112,465486,1528821,443436
1113,482097,482307,480060
1114,484554,491379,493122
1115,490560,490539,489888
1116,458850,458766,458829
1117,755328,754593,1514730
1118,440916,440832,466368
1119,1789473,1578612,1789452
1120,784770,442491,442449
1121,471240,458430,1765617
1122,456519,436275,496524
1123,492093,492072,492051
1124,470946,470967,470925
1125,480312,480438,480249
1126,472752,472710,443289
1127,481719,480837,480858
1128,445389,445368,445074
1129,999285,1786995,469938
1130,473109,473151,473235
1131,472731,472710,476700
1132,1893318,1776558,1893297
1133,1788885,473928,440370
1134,995841,995862,460467
1135,492954,492975,492933
1136,492681,489972,489909
1137,482370,482391,482748
1138,472605,454083,472647
1139,441798,1785630,449253
1140,1787856,1787835,1764126
1141,491757,491736,491715
1142,454293,454272,1892625
1143,489111,489069,489132
1144,476091,476112,476154
1145,456687,456666,456750
1146,487515,487494,493311
1147,477414,490413,477519
1148,487599,487557,487683
1149,435855,435918,435960
1150,456099,340977,340935
1151,340956,340977,340998
1152,492534,492513,492492
1153,466242,460929,460887
1154,1892121,454650,1892163
1155,480837,480795,481719
1156,433734,433692,432957
1157,491652,491379,491589
1158,1659000,442449,1779960
1159,487767,487746,487788
1160,476616,476595,476574
1161,484953,485478,484932
1162,483189,483147,483168
1163,477876,477897,477918
1164,471471,479577,471450
1165,454797,454944,454902
1166,340347,1723995,450555
1167,1519329,1519371,1528821
1168,455868,455826,455889
1169,471387,434616,471513
1170,462924,463029,462903
1171,446544,446502,446565
1172,1780716,1777377,438921
1173,1782270,1783992,441630
1174,487725,487641,487620
1175,469980,475944,470001
1176,452424,445704,471177
1177,494025,494004,494382
1178,486213,486192,485772
1179,471198,340725,1764252
1180,477057,477078,451626
1181,1784853,461454,461517
1182,440307,467712,440370
1183,447657,465234,478611
1184,471534,471513,475671
1185,754593,458304,1529178
1186,493521,490749,493605
1187,450555,450534,449043
1188,463071,451458,482706
1189,482034,968898,482013
1190,1778847,466536,1788423
1191,476889,462987,463008
1192,438249,438228,481026
1193,1782480,446838,475146
1194,448707,448728,447426
1195,487473,487410,487452
1196,474831,454062,454146
1197,492996,492975,493080
1198,491463,491400,491484
1199,459690,459711,475020
1200,337092,434070,784182
1201,1891470,1893318,1890399
1202,436422,456519,1783383
1203,474747,474705,474726
1204,493542,493584,493563
1205,461496,470757,445452
1206,432936,468762,465822
1207,1894368,1893822,1891239
1208,1493121,471597,1780023
1209,460131,460110,1734579
1210,1894137,1777839,1786995
1211,492975,492996,492933
1212,473865,473886,474327
1213,493710,493647,493668
1214,378147,1783173,468762
1215,494235,494046,494130
1216,477918,477876,477897
1217,443310,443352,443331
1218,1303806,1777965,457632
1219,484932,465570,465549
1220,468048,468132,468069
1221,1765071,458388,445305
1222,456204,456183,456225
1223,475629,786366,463239
1224,468132,468153,468048
1225,357441,1516872,315756
1226,473235,473256,473277
1227,494907,496881,494760
1228,740565,1785630,1783509
1229,477561,477540,470778
1230,444969,445221,445032
1231,786429,786366,463281
1232,359016,1516872,357294
1233,476721,476763,472731
1234,491337,491379,491253
1235,442827,465843,357273
1236,485478,485310,485331
1237,484113,484092,484071
1238,458724,452193,452151
1239,433965,475188,453138
1240,465528,477960,482097
1241,491547,491337,491694
1242,485940,485961,485898
1243,445431,461412,445473
1244,447531,447426,470442
1245,442323,442239,442260
1246,1769271,1775949,1779708
1247,1788780,459459,454251
1248,434700,1786827,438921
1249,442722,1011969,435414
1250,474054,474033,474096
1251,451395,339381,462945
1252,478128,478107,465549
1253,461622,461307,461601
1254,1786974,1786953,1787751
1255,1893696,1891722,1894179
1256,491001,490959,494571
1257,1528842,1528947,1528863
1258,1787709,466767,1894494
1259,493563,493584,490455
1260,463029,462924,479136
1261,434574,434742,482328
1262,476826,339381,462945
1263,473991,474012,474621
1264,461601,461622,474894
1265,491484,491463,491400
1266,476364,476385,476406
1267,488229,488250,488271
1268,1890063,1894242,1894305
1269,440370,440349,467733
1270,468153,468132,449169
1271,468867,475251,446040
1272,493815,493752,493731
1273,478317,481446,447720
1274,436107,436044,436065
1275,434217,434175,446103
1276,485751,485730,474075
1277,491736,491757,491358
1278,472143,465675,1776180
1279,490539,490560,493374
1280,489699,489678,490434
1281,443835,443856,1782459
1282,479976,479997,480039
1283,488901,488880,488922
1284,487977,488040,487935
1285,436275,456519,436317
1286,490140,481992,481950
1287,437535,437640,437556
1288,1781199,1781220,1781157
1289,445179,445158,471135
1290,464709,496440,982296
1291,482328,471471,442134
1292,475650,458493,450009
1293,450387,450366,468762
1294,441651,1782270,1765806
1295,1789515,455700,359016
1296,1768032,1778406,489342
1297,1776180,1776201,472143
1298,477960,465528,471303
1299,488187,487914,489699
1300,448686,460845,435393
1301,464898,474957,464919
1302,455910,455931,436212
1303,488271,488250,488292
1304,458241,458220,474075
1305,478758,478800,478821
1306,478023,478737,478002
1307,493689,493626,493668
1308,488250,488271,488229
1309,340935,340977,340998
1310,483294,483273,483252
1311,1789452,466851,449022
1312,454209,1662024,1665342
1313,475020,459711,459732
1314,468594,468552,468531
1315,459354,459312,459396
1316,452088,452214,452319
1317,465696,465675,468678
1318,436401,454440,456582
1319,483735,483672,483714
1320,435981,436044,436002
1321,997101,446649,999306
1322,1783467,444423,1777209
1323,440076,474453,755181
1324,474096,474033,474054
1325,469875,469854,469791
1326,477897,477876,477918
1327,473025,472941,473004
1328,472311,472269,473760
1329,481908,460068,444465
1330,489048,489006,488985
1331,468510,458052,472374
1332,464268,471366,442365
1333,483882,483903,483861
1334,444339,444402,444318
1335,440937,1893822,441063
1336,476469,476427,487914
1337,1894452,1890273,1891365
1338,1890273,1893297,1783383
1339,787395,786429,466956
1340,483126,482874,482916
1341,1788675,1788612,478947
1342,1782858,467712,465087
1343,786702,1662129,440685
1344,1781787,1781682,469539
1345,475713,496020,982296
1346,1786239,1786134,1784328
1347,492933,492975,493038
1348,444318,444423,444402
1349,484743,484722,485289
1350,454608,454503,1783383
1351,471786,484764,456351
1352,434049,459207,433818
1353,482685,451437,487830
1354,437556,437640,437619
1355,467754,467733,467691
1356,465213,465234,458010
1357,481215,481362,481383
1358,340977,340998,340956
1359,1893381,1894200,1894221
1360,1788696,475671,1788738
1361,483588,483672,483609
1362,491673,491967,491505
1363,441315,458304,463365
1364,1785798,1519371,443247
1365,42,464898,482160
1366,461706,461685,461664
1367,486885,486906,1721013
1368,469203,469224,469245
1369,472437,468762,1496859
1370,754404,1892394,999285
1371,455049,455070,455112
1372,466221,466284,469266
1373,465927,465906,474159
1374,471114,471156,471135
1375,474285,474264,479073
1376,1892163,1892121,1892961
1377,475146,475104,475125
1378,477666,477645,477708
1379,482790,482769,481047
1380,460824,460845,460782
1381,481929,470736,461517
1382,1734579,477099,459270
1383,486843,486759,486738
1384,1663011,1662990,489090
1385,445662,445641,441546
1386,450261,450282,450576
1387,494886,494844,494865
1388,1789872,481509,470883
1389,448833,448854,448812
1390,466536,1778847,462651
1391,474012,473991,474621
1392,443352,443310,443331
1393,448623,448581,448644
1394,455091,455028,455070
1395,494256,494235,494214
1396,494613,494676,494718
1397,435771,435792,435834
1398,490980,490959,494571
1399,451458,451479,339381
1400,476511,451983,476532
1401,433713,1775949,1786995
1402,469581,469602,469644
1403,467649,468006,466788
1404,477729,477750,477771
1405,492513,492492,493290
1406,466158,380058,440286
1407,454650,474768,340599
1408,436086,436023,436044
1409,454734,1659630,437283
1410,493479,494991,494970
1411,459417,459291,459312
1412,459942,459921,459900
1413,492492,492513,492471
1414,467460,467481,467502
1415,460782,460824,460845
1416,1893927,1893822,1890462
1417,481404,481383,481362
1418,1783383,982296,435393
1419,463365,441315,1529157
1420,1783005,1780716,434847
1421,477855,477834,477813
1422,469266,469224,469245
1423,472374,1662024,435393
1424,443100,477099,441735
1425,1775151,1785630,449337
1426,1768578,1789200,1788927
1427,1640604,440916,440832
1428,455343,455322,437808
1429,493626,493668,490707
1430,446460,460026,472374
1431,455469,455574,455616
1432,445515,445473,461496
1433,434742,468720,448980
1434,484281,484428,484260
1435,454776,467145,465843
1436,464205,464121,464142
1437,1892961,1890651,1892163
1438,477183,477141,477162
1439,467859,467880,1775949
1440,446124,446040,434175
1441,1302378,357063,1768452
1442,463428,475545,460614
1443,1783992,1782270,1788570
1444,481194,481173,481152
1445,472458,472479,454041
1446,459774,459816,472059
1447,483903,483882,483924
1448,448980,999390,463890
1449,486612,486591,486570
1450,453999,453936,454020
1451,450912,481446,480018
1452,442365,470295,471891
1453,432915,433755,451374
1454,454041,998886,472479
1455,1785399,474789,449022
1456,436065,436044,436002
1457,437388,1785840,441714
1458,461748,461727,461769
1459,479829,479766,479808
1460,481824,492135,492114
1461,448518,448476,443646
1462,1784349,1787751,458787
1463,1782564,443436,450030
1464,481005,474432,476763
1465,492891,492912,492492
1466,486528,1778532,487305
1467,451563,462945,476931
1468,752493,475503,1893297
1469,1492113,478464,1732122
1470,466641,466515,466620
1471,452697,433755,441693
1472,491400,491463,491484
1473,482139,492156,490434
1474,456078,456015,456036
1475,460887,460929,466116
1476,450723,450744,434028
1477,467838,447888,440706
1478,1782396,1782375,1782417
1479,488565,488586,488544
1480,1524558,443058,495831
1481,489909,489972,489930
1482,484680,484701,488061
1483,482517,482475,482454
1484,459984,444465,444486
1485,748713,438963,438837
1486,442239,442323,469014
1487,472689,468279,1781199
1488,486906,486927,463953
1489,486087,486066,486108
1490,481551,481677,481530
1491,1778343,1788360,359289
1492,473928,473949,473970
1493,998823,1783971,968478
1494,463785,471177,445347
1495,459564,459459,459522
1496,454104,454083,472668
1497,472962,472920,472983
1498,432999,1780716,1785819
1499,458283,458304,458010
1500,450702,456855,450282
1501,481026,438249,471219
1502,474726,474747,474705
1503,462945,476931,339381
1504,456645,456834,464520
1505,478863,784770,442491
1506,486549,483252,488292
1507,464520,456834,456855
1508,482601,482580,482622
1509,476931,487830,462945
1510,483063,482958,482979
1511,455448,455595,455616
1512,1891239,1893822,1894368
1513,339381,339276,451458
1514,436044,436065,436086
1515,472563,472584,1781073
1516,453411,441714,453432
1517,1894179,1893528,1782375
1518,481173,481194,481152
1519,472101,1786239,1781073
1520,1576029,1492113,469518
1521,457968,474558,469077
1522,478737,478023,477981
1523,477435,477477,477456
1524,751989,752010,359289
1525,442281,442323,442260
1526,480396,480249,480417
1527,477015,462567,462630
1528,456624,474180,458073
1529,480774,480795,468363
1530,465192,485163,465234
1531,494445,494466,451458
1532,464982,465024,464961
1533,449379,449358,449337
1534,481782,481761,489678
1535,477288,477246,477267
1536,493269,485289,484743
1537,1894221,1894200,1891365
1538,477099,1734579,472542
1539,464667,1786764,464688
1540,479409,470967,479262
1541,316260,1785294,316176
1542,485688,485667,485646
1543,1775235,1775256,445851
1544,469602,469581,469560
1545,495222,495201,490224
1546,1778385,457401,1890882
1547,1491798,1787583,1732143
1548,476994,477036,462567
1549,458220,458241,443058
1550,482055,482076,481971
1551,1529136,457863,1529178
1552,490875,492177,490434
1553,457863,457842,457821
1554,452130,458745,437346
1555,460257,460278,460236
1556,1892898,1734873,1787751
1557,1071420,987441,357294
1558,358911,748398,1516872
1559,466809,466788,468006
1560,493311,487515,485163
1561,483861,483882,483945
1562,474327,474306,473886
1563,481257,481236,481299
1564,490308,483819,489111
1565,784140,468468,1528821
1566,1781997,1662423,1776096
1567,494718,494634,494676
1568,494592,493458,493437
1569,455889,455868,455826
1570,458304,458283,441315
1571,1660386,469791,480753
1572,445221,445326,445284
1573,479997,480039,482097
1574,481677,481530,481551
1575,489657,489615,489636
1576,459543,459564,459522
1577,485457,485415,485436
1578,450807,450849,450870
1579,468027,468006,467628
1580,480459,480627,480480
1581,441735,445578,445536
1582,447048,1785819,1893066
1583,448434,1765050,448455
1584,445641,445599,445662
1585,473151,473256,473109
1586,1774920,450345,480102
1587,488376,488334,488355
1588,484176,484197,484344
1589,491274,491295,491316
1590,1891806,468804,474201
1591,484428,484407,484281
1592,493668,493626,493647
1593,449022,466851,467628
1594,467670,467061,1768578
1595,480354,480417,480228
1596,1785756,1785735,1785714
1597,441294,441315,458304
1598,460425,460446,460467
1599,968478,441546,748608
1600,436317,436275,436254
1601,492198,490854,490329
1602,998739,445872,444234
1603,1777839,1775949,1769271
1604,1734201,1734180,1734138
1605,474138,474159,474117
1606,476175,476154,476112
1607,467250,467229,467208
1608,494949,494991,494970
1609,472920,472962,472941
1610,1788864,459459,1788780
1611,469056,458304,458283
1612,481341,481299,481320
1613,490056,490119,490077
1614,464058,463953,464037
1615,454902,454944,470946
1616,453936,453999,453915
1617,490665,490749,490686
1618,446082,445998,446040
1619,464604,1894242,444087
1620,436002,436065,436044
1621,463008,476889,339276
1622,461811,461832,461853
1623,786408,463239,786387
1624,451878,1769271,1788780
1625,490182,490161,466032
1626,471093,471051,471072
1627,492471,492492,492513
1628,479934,479262,479409
1629,471891,466221,443331
1630,490035,490077,490119
1631,479808,479829,479766
1632,480984,480795,481068
1633,1786806,438837,1777377
1634,472038,472017,472059
1635,448476,982296,448518
1636,1775949,1769271,1779708
1637,464247,448476,982296
1638,485331,485310,485478
1639,340599,474768,340578
1640,475461,443331,475503
1641,483042,482937,483000
1642,1783929,1783887,465738
1643,493794,493731,493752
1644,434406,434322,456120
1645,471492,471513,457842
1646,736995,447594,982296
1647,485310,485478,485352
1648,1893717,1894242,1890399
1649,484050,484071,484092
1650,464457,470673,444465
1651,453138,453117,453096
1652,471912,471954,470547
1653,1010331,1012074,1011948
1654,1778133,438858,450849
1655,484365,484386,486087
1656,787059,987441,1779750
1657,465654,1778532,1011969
1658,440454,440475,458409
1659,1011927,452004,434385
1660,469518,466347,469497
1661,442974,442806,442680
1662,476910,482370,487830
1663,438963,438942,748713
1664,1786113,1786134,1781472
1665,465885,472248,466557
1666,1787016,473109,1788633
1667,472668,449631,449547
1668,480963,458472,448476
1669,472185,470967,471030
1670,490371,490392,490329
1671,747558,747579,754593
1672,474453,474474,474054
1673,433692,433734,433713
1674,464688,999390,999579
1675,452781,452739,469392
1676,466200,466347,469518
1677,468678,468657,465696
1678,477456,477498,477477
1679,467103,467124,467082
1680,494487,494508,494550
1681,451479,451458,451500
1682,1470126,1470147,479514
1683,786366,786429,445851
1684,463701,463659,463722
1685,455931,455847,455910
1686,483273,483252,483294
1687,479325,463722,456645
1688,471933,443331,999474
1689,476847,339381,476931
1690,457464,457401,478674
1691,433818,1775739,441693
1692,490938,490896,490980
1693,474033,474054,474096
1694,460278,460257,1765617
1695,460593,460572,316218
1696,493731,493773,493752
1697,444465,460068,1734222
1698,479724,479745,479892
1699,475881,435204,469455
1700,476070,476112,476154
1701,481593,481614,482097
1702,449715,1781787,449757
1703,455700,434931,1782312
1704,1788549,1788570,1788780
1705,494991,494970,494949
1706,480711,465486,445536
1707,459711,475020,459669
1708,491799,489888,491778
1709,465780,479472,1786113
1710,481866,1786008,481887
1711,490497,464394,464352
1712,473277,473235,473151
1713,478632,478611,1783866
1714,461643,461664,461580
1715,466452,465633,466599
1716,449547,472668,1786407
1717,462546,479199,482643
1718,463848,463890,463869
1719,453789,453873,455616
1720,466011,466032,466053
1721,482391,482370,482748
1722,476952,462609,462567
1723,493206,492492,493332
1724,1786953,754131,1787751
1725,470442,470400,470358
1726,467481,467502,467460
1727,481320,481299,481278
1728,443604,443562,443541
1729,494571,490980,491001
1730,493605,490665,490749
1731,444759,460005,470652
1732,487053,487074,486717
1733,468762,468741,441042
1734,485142,485100,485121
1735,491358,491379,491253
1736,1765050,448434,448455
1737,487809,459669,459648
1738,493374,493353,490350
1739,459501,459543,459459
1740,1303974,441042,478149
1741,446208,444402,444465
1742,484407,484428,484281
1743,454020,453999,453915
1744,444087,457863,465423
1745,1786827,1787751,434700
1746,462672,462651,477015
1747,483084,483000,482874
1748,490854,492198,490350
1749,450639,450660,467061
1750,466389,466368,466410
1751,485562,485499,485583
1752,445620,455175,445662
1753,490959,491001,490980
1754,474789,474768,474810
1755,465549,465570,478128
1756,473298,473424,473445
1757,1785819,1787751,435393
1758,491253,491316,491379
1759,1789767,473151,477708
1760,455763,1765617,459711
1761,474894,461601,461307
1762,487536,487704,487557
1763,463554,463596,460614
1764,457821,457842,457863
1765,459480,459543,459564
1766,1777923,340599,1777965
1767,463323,463155,786366
1768,1785525,1785504,1785420
1769,435204,469476,435099
1770,1785420,1785525,994203
1771,787500,445851,786366
1772,485814,485835,485793
1773,1785357,446859,1785315
1774,494004,494025,494067
1775,481698,461517,1784811
1776,473760,473781,472311
1777,489720,489699,489678
1778,473193,473172,473256
1779,484386,484365,484281
1780,482979,483000,482958
1781,1665741,462861,995862
1782,478086,478107,1732374
1783,469812,469854,469875
1784,437619,437598,437640
1785,448371,448329,474054
1786,1787436,437430,379974
1787,472836,472815,472794
1788,339276,339381,451479
1789,491169,491190,491148
1790,467712,440307,434364
1791,461685,461706,461580
1792,469077,474201,495831
1793,434196,446145,434154
1794,1785714,1785735,1785756
1795,486192,486213,486087
1796,488103,477120,487956
1797,437976,1779708,437934
1798,784182,783867,436821
1799,485793,485772,485814
1800,465633,1732122,465591
1801,466116,466095,464772
1802,1789368,1779666,1779708
1803,472647,478296,450030
1804,1470147,1470126,438207
1805,480018,480060,480039
1806,999054,340347,1723995
1807,474201,474621,474663
1808,474768,474789,474810
1809,471660,465738,1783929
1810,474432,474411,474369
1811,446019,446040,446103
1812,1775214,456603,479577
1813,1781157,1781199,1781220
1814,446418,446397,478065
1815,471681,748398,1777209
1816,492072,492093,492051
1817,481236,481299,481257
1818,1788843,1786491,452130
1819,489174,489216,489195
1820,482622,482559,482580
1821,493941,493962,494214
1822,469392,452739,452718
1823,478212,478275,478254
1824,491442,491463,491526
1825,1496859,472437,437430
1826,1783047,754236,1786806
1827,1788906,467061,1773639
1828,454188,1665342,454230
1829,475419,474684,475482
1830,470526,470568,470547
1831,475083,475062,473550
1832,482433,482496,482412
1833,480207,480165,480186
1834,1500639,1779855,1784370
1835,457254,457275,457233
1836,476868,462966,462945
1837,440685,440706,340956
1838,487872,487893,451437
1839,463680,463722,463617
1840,491778,491799,483294
1841,476007,475986,439194
1842,486507,486486,486465
1843,840336,445179,469161
1844,482937,483042,482958
1845,494529,494550,494508
1846,1783950,469035,447846
1847,451164,464310,451101
1848,479031,465990,449547
1849,460908,460929,452697
1850,466053,466032,466011
1851,447909,447867,447888
1852,494739,491232,490812
1853,455259,452424,455217
1854,469497,469518,466347
1855,456729,456666,460656
1856,461832,461853,461811
1857,477792,477918,471828
1858,999453,461790,461853
1859,482748,482370,482391
1860,459333,459312,442470
1861,476490,434385,1010709
1862,474516,489720,487515
1863,467418,467544,467187
1864,1787730,466767,465381
1865,491526,491400,491463
1866,450765,450870,450849
1867,483252,483273,483294
1868,1787394,460908,469518
1869,998907,998739,786366
1870,210042,1660407,466158
1871,469560,469644,469581
1872,470841,470799,470820
1873,445326,445284,445221
1874,435750,435729,464919
1875,465507,465465,468237
1876,464100,463995,458430
1877,442470,442428,459291
1878,495075,495096,495138
1879,463281,463323,786429
1880,475356,475335,475314
1881,482475,482517,482412
1882,489762,489741,489972
1883,485772,485793,486066
1884,434322,444276,434301
1885,479703,479682,479661
1886,434847,1787751,1723995
1887,493080,484764,491022
1888,474957,464898,464919
1889,467985,467964,467565
1890,470463,470316,470442
1891,458493,475650,440538
1892,454062,474831,454104
1893,454251,1788780,459459
1894,468342,468363,468321
1895,489531,489573,489552
1896,440643,440622,440601
1897,458430,458346,458409
1898,480039,480060,480018
1899,469938,460635,999285
1900,473844,473823,473802
1901,463575,463596,477519
1902,474474,474453,474201
1903,479451,479934,480123
1904,479073,474264,474285
1905,473508,457590,473781
1906,441903,1782018,441798
1907,1892709,1776936,1893003
1908,465675,465696,472143
1909,450576,1789200,450618
1910,458157,458178,458199
1911,476049,476028,999390
1912,482706,487851,462987
1913,469245,469224,469203
1914,477813,477834,477855
1915,466368,466389,466410
1916,483672,483651,483735
1917,1784538,465738,471597
1918,490791,490812,490770
1919,470862,451374,1785819
1920,469308,452151,452235
1921,486339,486234,486276
1922,462483,462504,462588
1923,463953,464079,464058
1924,434364,467712,434301
1925,480690,786429,463323
1926,457527,457569,457548
1927,493773,493731,493752
1928,490413,490329,490350
1929,476805,476784,476931
1930,467523,467439,471387
1931,449001,448980,474873
1932,465108,1789326,467061
1933,997080,1785483,481005
1934,490350,490371,490329
1935,464793,464772,466116
1936,470820,470799,470841
1937,446103,434217,434175
1938,473907,473718,482181
1939,466032,466011,466053
1940,444423,444318,444402
1941,1662990,482874,1663011
1942,454125,469518,1787667
1943,484512,484491,484176
1944,440538,440559,473613
1945,1638714,1780989,1780821
1946,468552,468594,468531
1947,476595,476616,476574
1948,467271,467250,468111
1949,1777377,1780716,1786806
1950,445305,445368,445389
1951,489027,489006,489048
1952,468489,441735,1528821
1953,435918,435960,435876
1954,438228,438249,466431
1955,450744,450723,458388
1956,474180,456624,474600
1957,432978,432999,433692
1958,490518,464394,479535
1959,443856,1782459,1781556
1960,484575,483735,483525
1961,445704,452424,445347
1962,486969,489195,488691
1963,1765806,441630,468657
1964,481635,481551,481530
1965,1011633,451983,434385
1966,493038,492933,492996
1967,438207,465864,458787
1968,479766,479787,475125
1969,464835,460635,464814
1970,1786134,1786239,1786113
1971,480375,480333,480417
1972,1788927,1789326,1789200
1973,470778,440601,472332
1974,492030,491988,492009
1975,443289,443331,443310
1976,470799,470820,470841
1977,491631,489888,491967
1978,440391,440412,465087
1979,434952,460551,434931
1980,443646,443625,443583
1981,482811,482832,487032
1982,458388,455259,440685
1983,470505,470568,471912
1984,1010709,1011948,434385
1985,495054,483693,495222
1986,463596,463575,463554
1987,464478,464499,464541
1988,463869,463890,463848
1989,463911,464079,463953
1990,460152,473550,473529
1991,459921,459900,459879
1992,435939,435960,435918
1993,448854,448833,448812
1994,473214,473130,473235
1995,444675,1788192,444486
1996,459732,459711,475020
1997,483693,483735,483714
1998,447720,447636,447678
1999,456330,442428,1772526
2000,455784,459669,457590
2001,1722021,443877,462861
2002,1788738,475671,1788717
2003,1781472,1783866,1783845
2004,493899,493815,493794
2005,471051,471093,471072
2006,491190,491169,491148
2007,476280,476217,476301
2008,471219,482832,471114
2009,444255,444234,480816
2010,490392,490371,490329
2011,489321,489300,489342
2012,454146,472479,463764
2013,483105,482937,483042
2014,443415,449631,455805
2015,492849,493164,492870
2016,488691,486969,490896
2017,453201,1775256,453117
2018,482496,482433,482475
2019,1789074,467187,449169
2020,462588,476994,476952
2021,485100,485121,485142
2022,486108,486087,486066
2023,485079,1732164,484932
2024,490434,490413,490371
2025,472059,472017,472038
2026,928935,928914,1772862
2027,1783887,478611,1783929
2028,440349,440370,467691
2029,442155,442176,442134
2030,446649,446838,1778406
2031,460845,460824,451374
2032,440622,440643,440601
2033,461790,461853,461832
2034,492135,492114,441315
2035,487431,487410,487452
2036,474642,474495,474033
2037,469854,469791,469875
2038,1012074,434385,1011948
2039,1890294,1891722,1890336
2040,1776432,1777818,482790
2041,465318,474075,485709
2042,486486,486465,486507
2043,440181,440223,465654
2044,458766,458871,458850
2045,1765638,315756,482349
2046,461664,461643,461580
2047,459963,460047,444465
2048,436212,436128,436107
2049,446313,466347,468468
2050,461433,461517,1784811
2051,493647,493710,493668
2052,357252,461811,358764
2053,491211,493605,490665
2054,1734180,1734138,1734201
2055,489216,489174,489153
2056,494382,494025,494151
2057,485730,485709,485751
2058,491883,491379,491799
2059,455658,357252,1501395
2060,442302,442239,442218
2061,434973,460551,470106
2062,469434,452193,445557
2063,449904,449946,434931
2064,1781556,471849,1787583
2065,445200,445368,445389
2066,1780632,1772526,448140
2067,444402,444339,444318
2068,479094,479115,479157
2069,450219,467355,467334
2070,475251,468867,468888
2071,469329,469350,468300
2072,476574,476616,471849
2073,468216,468195,449085
2074,1893255,1891323,1893759
2075,444591,444465,460068
2076,435792,435834,435771
2077,743400,490938,481110
2078,464394,464352,479535
2079,442449,442491,442407
2080,340536,212520,340977
2081,465465,465507,1785819
2082,476028,476049,450030
2083,1773639,467061,1788906
2084,486444,486675,486633
2085,473046,472185,476553
2086,459312,459417,459354
2087,492219,475293,480165
2088,478401,471807,443877
2089,478233,478191,478212
2090,463302,463260,1776516
2091,435834,435792,476007
2092,1892415,755097,441042
2093,464352,479535,464394
2094,445851,445872,786450
2095,1894242,1890063,1894305
2096,467796,467817,450009
2097,336420,434007,436128
2098,480858,469707,480816
2099,442176,442155,442134
2100,336336,336294,336315
2101,491316,491295,491253
2102,480732,445872,471807
2103,488040,487956,487977
2104,493143,491904,492051
2105,486318,486339,486276
2106,482916,483000,482874
2107,482832,482811,487032
2108,467922,467943,470904
2109,450408,465108,467670
2110,1894326,1893948,1890273
2111,476973,482370,482391
2112,315756,315714,315924
2113,475125,475104,475167
2114,489846,489888,489867
2115,1528947,1528842,1528863
2116,467502,467481,467460
2117,438606,480753,1785798
2118,487200,487179,487242
2119,477477,477435,477456
2120,473424,473319,473340
2121,468573,468552,468594
2122,459648,459669,473550
2123,1786386,1732164,471597
2124,483420,483378,483252
2125,454083,454104,454041
2126,438186,438207,212835
2127,465129,465087,473970
2128,482874,482916,483126
2129,463722,463638,463701
2130,455994,455973,1780569
2131,434679,1787163,442071
2132,465150,440412,467733
2133,464310,451164,1764630
2134,455133,455070,455112
2135,442218,442302,442323
2136,1780800,1780779,1780863
2137,478569,1784538,1787583
2138,482769,482790,481047
2139,467439,467544,467418
2140,380058,466158,451206
2141,477498,477456,477477
2142,489783,489909,489972
2143,1524306,441315,1662024
2144,1775256,1775235,477939
2145,1780695,460362,441693
2146,484974,484911,485310
2147,463344,445851,445872
2148,468993,468972,442806
2149,474621,474600,474663
2150,477771,477729,477750
2151,339549,482139,490434
2152,1734222,444465,444675
2153,490077,490035,490119
2154,490287,490266,489489
2155,1787772,1659630,968646
2156,1514562,1514688,447027
2157,476133,476175,476154
2158,457233,457254,1734873
2159,488922,488901,488880
2160,468615,442974,442680
2161,472521,472542,460656
2162,471828,465759,478359
2163,467565,467985,467964
2164,472353,473760,472311
2165,1529199,470253,1785504
2166,455805,468279,496881
2167,477309,477267,477225
2168,479052,477351,479010
2169,476322,476259,476301
2170,454461,454482,1779183
2171,470757,1784811,445473
2172,487935,488019,488124
2173,461853,461790,461832
2174,468111,468153,468132
2175,449190,449085,468174
2176,470694,469686,469665
2177,449085,449190,468216
2178,435057,435078,460509
2179,1784832,1784811,461517
2180,466179,466263,466200
2181,1783866,465738,478611
2182,489132,489069,489111
2183,449106,467607,467586
2184,479178,479136,482139
2185,469917,469938,435057
2186,445011,445032,444927
2187,452718,469392,452739
2188,494928,494844,494886
2189,489489,489468,489447
2190,481887,489531,1786008
2191,1788654,1788633,478947
2192,475062,475083,474999
2193,1786344,480102,479493
2194,1529031,1893759,491274
2195,1528863,1528947,1528842
2196,469140,469098,465423
2197,493584,493563,493605
2198,485016,487767,489762
2199,483714,483735,483672
2200,476448,476427,452004
2201,462504,462777,462588
2202,476259,476217,476301
2203,446271,446229,1789767
2204,1784391,466452,466599
2205,465276,466599,468237
2206,477834,477855,477813
2207,475104,475167,475125
2208,466347,469518,441735
2209,448140,1782459,478464
2210,488607,463806,488187
2211,441000,441021,1893549
2212,315924,315756,315714
2213,441861,444234,444255
2214,450870,450849,450786
2215,1784727,461454,461517
2216,463512,458724,452151
2217,1011948,1010709,1012074
2218,470379,470316,470358
2219,1892499,435393,1775949
2220,475839,480900,474936
2221,450030,449988,476028
2222,457275,457254,457233
2223,340578,466389,340599
2224,443541,443604,443562
2225,465255,465234,465213
2226,494970,494991,494949
2227,449568,472668,1787709
2228,452151,452235,452193
2229,748608,748566,748671
2230,493353,493374,494991
2231,491022,493080,494214
2232,481467,481425,481446
2233,435435,464814,441693
2234,478002,446817,1786386
2235,488082,488061,488040
2236,357798,1516872,1662297
2237,440475,440454,440433
2238,468300,468321,468342
2239,487074,487053,486717
2240,491148,491169,491190
2241,444612,1734201,457170
2242,480879,469707,444276
2243,453264,453432,453411
2244,493416,494991,492492
2245,488292,488271,488250
2246,380037,1789851,1619121
2247,1764126,1789767,442344
2248,476700,476742,472731
2249,480753,464835,472374
2250,455112,455133,455028
2251,464730,441378,474117
2252,1778448,1777398,448623
2253,484701,484680,483945
2254,336231,440454,458409
2255,446481,446502,747558
2256,1894494,1787751,1783383
2257,470883,476679,476637
2258,473529,457611,460152
2259,460614,460635,463554
2260,460635,464835,460614
2261,786387,786450,786408
2262,497301,495243,495201
2263,442428,442491,459291
2264,1575273,437409,479430
2265,446439,446397,1786386
2266,465171,465192,471597
2267,466515,466620,466641
2268,458745,452130,437346
2269,473802,473823,473844
2270,468804,1891806,433713
2271,490266,490245,489090
2272,486024,486045,1784370
2273,470652,444465,1734600
2274,474348,1781556,465969
2275,464436,1733907,460005
2276,456666,456729,456687
2277,470400,470442,470358
2278,475209,475230,468888
2279,476217,476259,476196
2280,490833,492156,490875
2281,488964,488943,1010898
2282,1781829,1734138,481194
2283,491379,491253,491316
2284,481131,480900,474936
2285,999390,448980,999579
2286,466683,466662,1788864
2287,445074,445389,445368
2288,493500,494970,494991
2289,1519371,1519329,1785840
2290,999474,465864,1782270
2291,999180,998739,445515
2292,479745,479724,479892
2293,442491,442428,459291
2294,464415,444444,460005
2295,479892,479913,479745
2296,486759,486738,486780
2297,459438,456015,456036
2298,1789284,1789263,465381
2299,480816,444255,480858
2300,453432,441714,453411
2301,475734,475692,463617
2302,457170,476112,444612
2303,467964,467985,467061
2304,1764672,470862,1764651
2305,1777860,748608,1788864
2306,477078,477057,482643
2307,477750,477729,477771
2308,490203,490224,495201
2309,466704,471744,478464
2310,467943,467922,472227
2311,1765617,460194,459711
2312,473886,474327,473865
2313,489888,491337,491799
2314,454482,1071294,440832
2315,484911,484974,486108
2316,483609,483651,483672
2317,440832,440916,466410
2318,440559,440538,440517
2319,491904,491589,491253
2320,455028,455112,455070
2321,1769859,447636,447720
2322,487893,487872,487851
2323,485646,485667,485688
2324,1528821,465486,434931
2325,461475,1784811,470757
2326,471429,471450,471471
2327,489930,489993,489909
2328,1784370,465738,1784538
2329,1781388,471051,453138
2330,479640,479682,479661
2331,494214,494361,494235
2332,488334,488376,488355
2333,488649,488775,488586
2334,473571,473655,473634
2335,489279,486486,486465
2336,478485,456561,471408
2337,212625,459543,445641
2338,470925,470904,471009
2339,485268,489258,484659
2340,480942,474936,482370
2341,479619,479598,470904
2342,486255,484617,486339
2343,491295,491316,491274
2344,493290,492492,492513
2345,474873,461496,470736
2346,459165,459207,459144
2347,485163,485100,489783
2348,469644,469560,469581
2349,485583,485520,485562
2350,461412,445431,470736
2351,487830,476931,451437
2352,468699,477624,471912
2353,1734873,1892625,457233
2354,449337,449358,449379
2355,449358,449379,449337
2356,1769187,477036,462882
2357,1787331,447027,358911
2358,481950,481992,490140
2359,450492,468846,473634
2360,468279,476763,472689
2361,489195,489216,489174
2362,485520,485583,485541
2363,464541,474075,457989
2364,454356,337134,440832
2365,474600,474621,474663
2366,752010,751989,447678
2367,489678,489699,487914
2368,490329,490413,490371
2369,463239,463197,786408
2370,472794,472815,472857
2371,445347,471177,461727
2372,437451,454776,437430
2373,476637,476658,476679
2374,459144,459186,459165
2375,480186,480165,480207
2376,1732143,1732206,1732374
2377,458199,458178,458010
2378,755013,458010,474138
2379,435099,469455,435183
2380,1785735,1785756,1785714
2381,469665,469686,451983
2382,472479,463764,472458
2383,468468,1528821,451374
2384,475041,459711,474999
2385,449988,450030,472647
2386,489006,489048,488985
2387,463995,464058,464079
2388,492177,490875,490434
2389,443331,443289,443310
2390,489237,489216,489153
2391,433986,445746,433944
2392,474306,474327,473886
2393,435225,470064,470043
2394,477645,477708,477666
2395,461454,1784727,1784748
2396,465381,1789284,466599
2397,748671,748608,748566
2398,459291,459417,442428
2399,450534,450555,466788
2400,495243,495201,495222
2401,339528,1775235,340935
2402,475398,1787625,475440
2403,485289,484722,484743
2404,486717,486696,487074
2405,482244,1771875,482286
2406,471996,466347,460908
2407,471177,461727,461748
2408,474705,474747,474726
2409,468426,468447,479010
2410,446145,434154,434196
2411,489741,489762,489909
2412,447846,478611,1783929
2413,469623,469644,469602
2414,489552,489573,489531
2415,468909,475188,446166
2416,478191,455049,478233
2417,1527960,478296,470904
2418,469959,470001,460551
2419,488355,488376,488334
2420,481299,481320,481236
2421,459396,459354,459228
2422,482559,482580,482622
2423,479871,481047,1784811
2424,462525,462609,451689
2425,460194,460215,1765617
2426,463890,442974,442806
2427,450009,474180,477939
2428,435267,435288,470022
2429,462441,1789326,467061
2430,1789851,447846,1775214
2431,442848,443016,442890
2432,443436,434931,465486
2433,490224,490203,495201
2434,471870,471849,1787583
2435,1527561,480690,1514562
2436,490728,490707,490686
2437,485604,485625,485499
2438,488124,487935,488040
2439,470967,471030,470904
2440,493857,493752,493731
2441,483651,483672,483609
2442,465759,471828,456351
2443,473970,473949,473928
2444,472248,471576,471597
2445,460530,460551,470085
2446,470022,435246,435267
2447,473130,473214,473256
2448,440601,440643,440622
2449,487914,488187,489678
2450,450345,1774920,1788948
2451,486633,486675,486654
2452,491715,491757,491547
2453,754215,450534,1788906
2454,485541,485499,485583
2455,492114,492135,481824
2456,435036,460677,435057
2457,460005,1733907,460068
2458,454986,455469,447573
2459,453348,453411,453264
2460,452655,1787751,435393
2461,475188,468909,469938
2462,463827,463848,450597
2463,485121,485100,485142
2464,459228,459396,459417
2465,470085,460551,1787079
2466,1010898,1012074,434385
2467,483924,483903,483945
2468,456036,456015,456078
2469,489468,489447,489489
2470,465087,465129,440412
2471,443877,462861,1722021
2472,486276,486234,486339
2473,465969,465948,1732164
2474,466767,466599,469035
2475,316176,434259,1785294
2476,475692,475734,463617
2477,473634,473571,473655
2478,485898,486108,486192
2479,477519,477477,477498
2480,489300,489321,489342
2481,486822,476070,476112
2482,231021,471219,434070
2483,755034,457989,441294
2484,475167,475104,475125
2485,440433,440475,490707
2486,488586,488544,488565
2487,452277,452193,452235
2488,459669,457590,459711
2489,999411,444276,469707
2490,449631,472668,443415
2491,487179,487200,487221
2492,457506,469518,464289
2493,444801,444486,1788150
2494,1775739,433818,440706
2495,1779855,1500639,465738
2496,488523,488586,488565
2497,453306,453348,472122
2498,470736,481929,474873
2499,486570,486612,486591
2500,489510,1765617,484638
2501,482538,482559,482580
2502,465822,468762,432936
2503,482076,482055,481971
2504,1764609,451059,451185
2505,489993,489930,489972
2506,1772526,1780632,1732143
2507,464079,463953,464037
2508,479682,479640,479703
2509,452004,1011927,451983
2510,444234,444255,441861
2511,486696,486717,487074
2512,465738,1783866,471660
2513,451626,482643,462630
2514,460068,1788192,444465
2515,450366,450387,1787709
2516,457653,457674,437535
2517,474243,474222,474264
2518,470358,470442,470400
2519,477162,477120,475986
2520,1783971,1769271,441546
2521,476406,476217,476364
2522,478674,465633,1786386
2523,487221,487242,487179
2524,446397,446439,446418
2525,458010,474138,755013
2526,454230,454167,464226
2527,473781,473760,459669
2528,445599,445641,455175
2529,452214,452088,470925
2530,451899,462546,482643
2531,491232,494739,490812
2532,490812,490791,490728
2533,473739,456036,456015
2534,435183,469455,469476
2535,470547,470610,470526
2536,445536,445578,445557
2537,464919,464898,474957
2538,478275,478905,478212
2539,1764630,479535,464331
2540,482265,482286,1771938
2541,464373,464331,451185
2542,484029,484092,484050
2543,450891,450870,450807
2544,486465,486486,486507
2545,474117,474138,474159
2546,489447,489468,489426
2547,440517,440559,440601
2548,481089,481992,481110
2549,460929,460908,460887
2550,488019,487935,487977
2551,477687,477708,477645
2552,463533,452067,458724
2553,447888,447909,440706
2554,1786302,465738,471660
2555,488544,488586,488565
2556,473445,473424,473340
2557,462630,482643,451626
2558,482853,482160,482580
2559,471954,471912,471891
2560,440223,440181,1764651
2561,488145,489447,488040
2562,465423,441315,469140
2563,473550,460152,459648
2564,475965,475986,446040
2565,451500,451479,451458
2566,452319,452151,458724
2567,477141,477183,477120
2568,478905,478275,455112
2569,494361,494214,494235
2570,455826,455868,455847
2571,467544,467418,467439
2572,463638,463722,463617
2573,490896,490938,487914
2574,379974,434847,434007
2575,1733571,1733592,1734180
2576,451647,451689,462609
2577,460215,460194,472332
2578,1783152,1891491,441021
2579,478107,478128,478086
2580,486402,486381,486654
2581,466662,466683,1788864
2582,1787751,1786827,1776558
2583,487137,487116,487158
2584,451437,339381,487872
2585,485415,485394,485457
2586,451374,460845,470862
2587,475923,470085,1787079
2588,447594,447573,478758
2589,493458,494592,493437
2590,476679,476637,476658
2591,478380,478359,440412
2592,488733,488754,485730
2593,1778532,465654,442722
2594,472983,472941,472962
2595,754236,434007,1786806
2596,476343,476259,476280
2597,467376,480018,1768578
2598,489153,489216,489195
2599,480165,480186,480207
2600,358764,444507,357252
2601,1893843,1890462,1890378
2602,467628,468006,468027
2603,485667,485646,485688
2604,478464,1787583,471744
2605,445410,461517,445452
2606,470673,460047,460068
2607,487242,487263,487200
2608,434931,460551,434952
2609,435414,1011969,442722
2610,482202,482223,482181
2611,482286,482265,1771875
2612,460677,460656,472521
2613,460467,460446,460425
2614,445284,445326,445221
2615,481110,463806,481992
2616,472017,472038,472059
2617,459900,459921,459879
2618,468636,468615,446082
2619,455280,445704,489090
2620,473718,439194,452235
2621,471597,471849,1784538
2622,456582,453348,453432
2623,451983,452004,476532
2624,457590,457611,459669
2625,451689,462567,462777
2626,489573,489552,489531
2627,486066,486087,486108
2628,452823,452844,456057
2629,1783173,1787751,2520
2630,482013,471219,482034
2631,740061,449358,1788906
2632,340725,212835,471198
2633,485247,485226,484911
2634,787521,786366,787395
2635,487998,489489,487977
2636,1768452,452802,1302378
2637,481740,464982,477771
2638,480060,480018,480039
2639,474663,474600,474621
2640,466851,466830,466893
2641,474537,458262,474558
2642,442764,442890,442848
2643,468363,468342,480795
2644,463764,472479,454146
2645,464772,466116,464793
2646,475986,477120,482160
2647,435729,435750,464919
2648,491421,491484,491400
2649,451668,462567,451689
2650,458409,440454,468993
2651,481278,481299,481320
2652,452802,1768452,444969
2653,451059,1764609,464331
2654,1786491,444318,1774899
2655,471072,471093,471051
2656,472941,472920,472983
2657,1785672,461832,461853
2658,489069,489132,489111
2659,478779,478296,479262
2660,472269,472311,473760
2661,479199,462546,479094
2662,1734243,444486,1788192
2663,487284,487305,435099
2664,476196,476217,476259
2665,476553,455763,484638
2666,475566,475545,475524
2667,490476,490455,492219
2668,437409,1575273,437388
2669,484764,493080,494949
2670,487305,487284,435183
2671,1778931,458787,1894389
2672,471156,471114,471135
2673,464289,457506,465990
2674,1733907,444465,460068
2675,445452,1784811,461517
2676,476112,476154,476070
2677,458346,458430,456141
2678,456393,1787583,478884
2679,443268,443247,463365
2680,755370,477477,477519
2681,1786281,469035,465276
2682,458031,457989,458010
2683,468384,468405,468300
2684,456834,456855,456876
2685,484260,493101,484281
2686,456183,456225,456204
2687,479535,464352,464394
2688,454818,477099,472542
2689,481992,481089,490140
2690,471261,471303,481320
2691,477330,477267,477246
2692,459207,459165,459144
2693,485499,485562,485541
2694,1788570,1788549,1892625
2695,486423,486591,486570
2696,1734600,444486,444549
2697,474936,480900,475839
2698,474222,474243,474264
2699,441693,434931,460551
2700,477036,476994,462567
2701,455070,455133,455028
2702,472500,472416,472395
2703,484785,1786008,493101
2704,475545,475566,475524
2705,471849,471870,1787583
2706,468888,468846,475251
2707,452739,469392,452718
2708,474159,474138,474117
2709,480795,480837,481068
2710,477939,1775256,440475
2711,1771980,1771938,482286
2712,1785294,316176,434259
2713,450660,450639,465108
2714,433755,452697,432915
2715,442680,442806,442974
2716,336252,473802,231021
2717,448455,1765050,448434
2718,485709,485730,465318
2719,460236,460257,460278
2720,477246,477288,477267
2721,462861,443877,1722021
2722,469686,451983,1011864
2723,479955,1777272,1785168
2724,479787,479766,475167
2725,478716,478086,478107
2726,486675,486654,486633
2727,464121,464142,464205
2728,1894200,1893381,1894221
2729,471975,434028,995841
2730,456876,456834,456855
2731,481971,470757,461517
2732,478695,478296,1786386
2733,481425,481467,481446
2734,469035,1786281,466767
2735,212793,466389,783867
2736,1785840,437388,1519371
2737,440664,341439,212793
2738,461517,1784811,445452
2739,1501017,489993,487683
2740,474264,474222,474243
2741,1784748,461454,445410
2742,478296,471597,1787583
2743,434028,471975,458199
2744,452676,441861,442722
2745,445872,445851,786366
2746,473487,473466,473319
2747,449211,359856,449022
2748,482181,482160,482223
2749,487851,482706,339381
2750,458703,445557,445536
2751,445557,458703,445536
2752,1732122,1732374,1787583
2753,993510,435393,1783383
2754,477603,477624,477582
2755,1071294,454482,340998
2756,452067,463533,458724
2757,434175,446040,434217
2758,468174,468195,449190
2759,1783446,1783509,1781178
2760,486948,486990,487032
2761,1788339,1778826,359289
2762,482307,482097,480060
2763,466956,787395,466641
2764,488943,488964,476490
2765,1789179,474642,474495
2766,489972,489993,489909
2767,471030,470967,470904
2768,467208,467250,467187
2769,487158,487137,487116
2770,447867,447909,447888
2771,451584,451395,462777
2772,485352,485310,485478
2773,442806,442974,442680
2774,483777,483756,483798
2775,464961,465024,464982
2776,435288,470064,435267
2777,456351,484764,434952
2778,1784937,446040,446103
2779,466788,466809,450534
2780,441882,441735,444276
2781,471135,471156,471114
2782,1782039,1071294,448749
2783,456855,456834,456876
2784,495201,495222,495243
2785,468237,468174,466599
2786,483147,483210,483168
2787,493878,493731,493794
2788,489342,489300,489321
2789,475314,475335,480879
2790,1496670,995841,1789179
2791,477393,477372,477351
2792,999579,999390,442806
2793,463806,481110,481089
2794,490707,490728,493626
2795,490245,490266,489069
2796,492597,492576,492555
2797,1787583,456393,471849
2798,449169,468153,468111
2799,482223,482202,482181
2800,487410,487431,487473
2801,479157,479115,479094
2802,476532,1011927,451983
2803,478884,456393,1787583
2804,444486,1788192,444675
2805,443394,467985,472668
2806,433839,433692,433734
2807,434259,316176,1785294
2808,446229,468846,453138
2809,467691,467733,467754
2810,464331,451185,464373
2811,479262,479934,478569
2812,469476,435204,469455
2813,477267,477246,477330
2814,457548,457569,457527
2815,1499463,438963,1891869
2816,474684,475419,475482
2817,997563,997584,463953
2818,487662,487704,487725
2819,1011885,1012074,1010898
2820,494466,494445,487851
2821,473676,473655,473571
2822,744891,752178,211680
2823,481446,481467,481425
2824,466599,466767,468237
2825,464877,441861,464856
2826,473949,473970,473928
2827,474810,474789,474768
2828,444444,460047,444465
2829,466137,1787079,470106
2830,468321,468300,468342
2831,477120,477162,482160
2832,482160,482181,477120
2833,479136,479178,482139
2834,1786029,463617,463659
2835,487557,487704,487599
2836,488061,488082,488040
2837,463617,1786029,463638
2838,460026,446460,472374
2839,469455,435183,469476
2840,748377,748398,752178
2841,462609,462777,462567
2842,458178,458199,458010
2843,478821,478800,478758
2844,473823,473802,473844
2845,1774710,1774689,460635
2846,458472,340998,480963
2847,451101,464331,451164
2848,478989,479010,477351
2849,1774689,1774710,469938
2850,1732374,1732122,1732143
2851,468846,468888,473634
2852,755181,449190,468174
2853,480900,474936,475839
2854,470001,469959,460551
2855,465990,1785819,464289
2856,464814,464835,460635
2857,461055,1010898,1011633
2858,457632,460362,457674
2859,456246,456183,456225
2860,1784328,1786239,466284
2861,475230,475209,475839
2862,445998,446082,446040
2863,470064,435288,435225
2864,486045,486024,1784370
2865,487011,487032,487116
2866,490770,490791,490812
2867,453117,453096,453138
2868,467733,467691,467754
2869,471576,472248,471597
2870,465591,1732164,465633
2871,443058,481089,444990
2872,476301,476259,476322
2873,476784,476805,339381
2874,487032,486990,487011
2875,460446,460467,460425
2876,1788192,444486,444675
2877,447573,447594,478758
2878,966000,491253,491316
2879,474495,474642,474453
2880,1732206,1732143,1732374
2881,475944,470001,469980
2882,316218,1780716,460593
2883,467124,467145,467103
2884,461769,461748,461727
2885,982296,1783383,435393
2886,468195,468216,468174
2887,434154,446145,434196
2888,484638,484596,484617
2889,479241,479220,479115
2890,1789830,1788675,462819
2891,449463,449442,449421
2892,1782459,443856,448140
2893,461307,461622,474894
2894,487326,487347,487368
2895,1781073,472101,1894137
2896,1733592,1733571,444654
2897,1011864,434385,1011927
2898,1783845,1783866,465738
2899,487704,487557,487662
2900,451185,464331,464373
2901,482580,482559,482538
2902,1734138,1734180,1734201
2903,1528800,1528779,1529031
2904,460047,444675,470673
2905,472332,460215,460194
2906,481803,481761,481110
2907,471744,471765,478464
2908,489594,487914,489552
2909,484596,484638,484617
2910,460572,460593,460656
2911,472542,472521,1782312
2912,446040,434175,445998
2913,467355,467334,450219
2914,469791,469854,469875
2915,460509,1787079,470631
2916,474999,459711,475041
2917,465948,465969,1732164
2918,487389,487326,487368
2919,441819,468846,475188
2920,489426,489447,489216
2921,484092,484071,484050
2922,452235,452193,452151
2923,470106,460551,460488
2924,456015,456078,456036
2925,754341,1723995,467901
2926,1780023,481446,465528
2927,486990,487032,486948
2928,461580,461643,461664
2929,478800,478758,478821
2930,477225,477267,477246
2931,441714,453411,453432
2932,471009,470925,470904
2933,467229,467250,467187
2934,487746,487767,493101
2935,482643,451626,462630
2936,490161,490182,466032
2937,477708,477645,477687
2938,783867,784182,212793
2939,449946,449904,463449
2940,463659,463701,463638
2941,493983,494109,494067
2942,1774899,1786491,468825
2943,1788150,444801,444486
2944,1776264,1783320,1890525
2945,443562,443604,443541
2946,470043,435225,435246
2947,484617,484638,484596
2948,494781,494802,493458
2949,463743,463890,999390
2950,475902,470022,435246
2951,483000,482916,483084
2952,442638,442680,481047
2953,435078,1787079,435057
2954,460551,470106,460530
2955,452193,452235,452151
2956,461727,461748,471177
2957,473655,473676,473571
2958,473697,473655,473634
2959,486654,486675,486633
2960,462735,462777,451647
2961,487347,487326,487368
2962,481047,482769,479871
2963,434385,1011864,1012074
2964,483168,483147,483210
2965,465570,465549,465591
2966,460362,1780695,316218
2967,460488,470631,1787079
2968,475524,475566,475545
2969,482412,482454,482475
2970,1771938,1771980,1771875
2971,459879,459900,459921
2972,1787835,1787856,474978
2973,490749,490665,490707
2974,460656,460677,435225
2975,463155,463323,463197
2976,481068,480795,468363
2977,476154,476112,476175
2978,488775,488544,488586
2979,482349,482160,482181
2980,475293,480186,492219
2981,490686,490728,490707
2982,449862,449841,469161
2983,458073,458052,456624
2984,465024,464961,464982
2985,475671,1788696,1788738
2986,484722,484743,485289
2987,445578,445536,441735
2988,444654,444801,444486
2989,1771287,1786008,465024
2990,479514,480207,464331
2991,1778952,1893255,478170
2992,488670,488523,488586
2993,487956,488040,487935
2994,462777,462609,451689
2995,471807,478401,477288
2996,786450,445851,786387
2997,435246,470022,435267
2998,476658,476637,476679
2999,494088,494025,493983
3000,444276,469707,999411
3001,475272,480165,480186
3002,493185,492618,494403
3003,482958,482916,482937
3004,440706,447888,467838
3005,457611,457590,459669
3006,998886,489258,454041
3007,481383,481404,481362
3008,489258,998886,487389
3009,444549,444801,444486
3010,445473,470757,445452
3011,1732164,1732206,1732374
3012,997584,997563,1781178
3013,462567,462609,451689
3014,472227,471597,1786386
3015,449043,450534,467250
3016,486591,486612,486570
3017,1787079,460488,470106
3018,1776516,463302,1787772
3019,475377,458724,475524
3020,1784811,461517,445452
3021,473613,473634,473697
3022,439194,473718,452235
3023,494298,494214,494361
3024,1771875,482244,482286
3025,464751,466095,466116
3026,1892394,1787751,1892436
3027,487368,487347,487326
3028,466095,466116,464751
3029,491946,491484,490455
3030,490455,490476,464394
3031,440412,440391,465150
3032,468951,468993,469014
3033,484869,488145,489888
3034,487263,487242,487200
3035,470904,470925,479619
3036,487452,487473,487410
3037,448581,448623,448644
3038,487116,487137,487158
3039,481761,481803,481782
3040,478506,478485,469497
3041,469707,480879,444276
3042,470631,460488,1787079
